INSERT INTO `quizbomb`.`user` (`fullName`, `username`, `email`, `password`) VALUES ('Eleytherios Mavrothalassitis', 'lefmav', 'lefmav@proodos.gr', 'lefmav1');
INSERT INTO `quizbomb`.`user` (`fullName`, `username`, `email`, `password`) VALUES ('Efthimis Tsolas', 'tsolas', 'tsolas@proodos.gr', 'tsolas1');
INSERT INTO `quizbomb`.`user` (`fullName`, `username`, `email`, `password`) VALUES ('Allahu Akbaridis', 'akbar', 'akbar@proodos.gr', 'boom1');
INSERT INTO `quizbomb`.`user` (`fullName`, `username`, `email`, `password`) VALUES ('Maria Zizi', 'zizi', 'zizi@proodos.gr', 'zizi1');
INSERT INTO `quizbomb`.`user` (`fullName`, `username`, `email`, `password`) VALUES ('Pier Patrick Nikolaou', 'pierp', 'pierp@proodos.gr', 'pierp1');
INSERT INTO `quizbomb`.`user` (`fullName`, `username`, `email`, `password`) VALUES ('Tasoulis Livas', 'livas', 'livas@proodos.gr', 'livas1');
INSERT INTO `quizbomb`.`user` (`fullName`, `username`, `email`, `password`) VALUES ('Giasemakis Giasemis', 'geiasou', 'geiasou@proodos.gr', 'makis1');
INSERT INTO `quizbomb`.`user` (`fullName`, `username`, `email`, `password`) VALUES ('Maria Arni', 'arnaki', 'arnaki@proodos.gr', 'arni1');
INSERT INTO `quizbomb`.`user` (`fullName`, `username`, `email`, `password`) VALUES ('Ioannis Kolyvas', 'jkol', 'jkol@proodos.gr', 'jkol86');
INSERT INTO `quizbomb`.`user` (`fullName`, `username`, `email`, `password`) VALUES ('Kostas Tsekmes', 'tsakmaki', 'tsakmaki@proodos.gr', 'vromtsek1');
INSERT INTO `quizbomb`.`user` (`fullName`, `username`, `email`, `password`) VALUES ('Andronikos Arabatzis', 'aravas', 'aravas@proodos.gr', 'aravas1');
INSERT INTO `quizbomb`.`user` (`fullName`, `username`, `email`, `password`) VALUES ('Dimitrios Darras', 'ddaras', 'ddaras@proodos.gr', 'ddaras1');
INSERT INTO `quizbomb`.`user` (`fullName`, `username`, `email`, `password`) VALUES ('Alexandra Paraskelidou', 'alexpa', 'alexpa@proodos.gr', 'alexpa1');
INSERT INTO `quizbomb`.`user` (`fullName`, `username`, `email`, `password`) VALUES ('Kostas Pelonis', 'peloni', 'peloni@proodos.gr', 'peloni1');
INSERT INTO `quizbomb`.`user` (`fullName`, `username`, `email`, `password`) VALUES ('Ioanna Tsinikou', 'tsinikou', 'tsinikou@proodos.gr', 'boom1');
INSERT INTO `quizbomb`.`user` (`fullName`, `username`, `email`, `password`) VALUES ('Dimitris Stathis', 'dstathis', 'dstathis@proodos.gr', 'dstathis1');
INSERT INTO `quizbomb`.`user` (`fullName`, `username`, `email`, `password`) VALUES ('Marianthi Papanota', 'mpapa', 'mpapa@proodos.gr', 'mpapa1');
INSERT INTO `quizbomb`.`user` (`fullName`, `username`, `email`, `password`) VALUES ('Efthimis Larentzakis', 'larry', 'larry@proodos.gr', 'larry1');
INSERT INTO `quizbomb`.`user` (`fullName`, `username`, `email`, `password`) VALUES ('Marios Matalon', 'matalon', 'matalon@proodos.gr', 'matalon1');
INSERT INTO `quizbomb`.`user` (`fullName`, `username`, `email`, `password`) VALUES ('Nikodimos Aristoklis', 'nikari', 'nikari@proodos.gr', 'nikari1');
INSERT INTO `quizbomb`.`user` (`fullName`, `username`, `email`, `password`) VALUES ('Avgerinos Iasonidou', 'avge', 'avge@proodos.gr', 'avge1');
INSERT INTO `quizbomb`.`user` (`fullName`, `username`, `email`, `password`) VALUES ('Maria Perrone', 'perrone', 'perrone@proodos.gr', 'perrone1');
INSERT INTO `quizbomb`.`user` (`fullName`, `username`, `email`, `password`) VALUES ('Asimina Rapti', 'rapti', 'rapti@proodos.gr', 'rapti1');
INSERT INTO `quizbomb`.`user` (`fullName`, `username`, `email`, `password`) VALUES ('Mimis Androulakis', 'mimis', 'mimis@proodos.gr', 'mimis1');
INSERT INTO `quizbomb`.`user` (`fullName`, `username`, `email`, `password`) VALUES ('Nikos Alefantos', 'alefas', 'alefas@proodos.gr', 'alefas1');
INSERT INTO `quizbomb`.`user` (`fullName`, `username`, `email`, `password`) VALUES ('Maria Kalpaki', 'kalpa', 'kalpa@proodos.gr', 'kalpa1');
INSERT INTO `quizbomb`.`user` (`fullName`, `username`, `email`, `password`) VALUES ('Sakis Rouvas', 'sakiii', 'sakiii@proodos.gr', 'sakiii1');
INSERT INTO `quizbomb`.`user` (`fullName`, `username`, `email`, `password`) VALUES ('Dimitris Kosmas', 'kosmas', 'kosmas@proodos.gr', 'kosmas1');
INSERT INTO `quizbomb`.`user` (`fullName`, `username`, `email`, `password`) VALUES ('Nikos Kasimatis', 'kasi', 'kasi@proodos.gr', 'kasi1');
INSERT INTO `quizbomb`.`user` (`fullName`, `username`, `email`, `password`) VALUES ('Giannis Karamouzis', 'jmouz', 'jmouz@proodos.gr', 'jmouz1');



INSERT INTO `quizbomb`.`professor` (`id`) VALUES ('1');
INSERT INTO `quizbomb`.`professor` (`id`) VALUES ('2');
INSERT INTO `quizbomb`.`professor` (`id`) VALUES ('10');
INSERT INTO `quizbomb`.`professor` (`id`) VALUES ('3');
INSERT INTO `quizbomb`.`professor` (`id`) VALUES ('6');


INSERT INTO `quizbomb`.`sclass` (`value`) VALUES ('A');
INSERT INTO `quizbomb`.`sclass` (`value`) VALUES ('B');
INSERT INTO `quizbomb`.`sclass` (`value`) VALUES ('C');

INSERT INTO `quizbomb`.`controller` (`id`) VALUES ('9');

INSERT INTO `quizbomb`.`student` (`id`, `sclass_id`) VALUES ('11', '1');
INSERT INTO `quizbomb`.`student` (`id`, `sclass_id`) VALUES ('13', '3');
INSERT INTO `quizbomb`.`student` (`id`, `sclass_id`) VALUES ('14', '2');
INSERT INTO `quizbomb`.`student` (`id`, `sclass_id`) VALUES ('15', '2');
INSERT INTO `quizbomb`.`student` (`id`, `sclass_id`) VALUES ('16', '1');
INSERT INTO `quizbomb`.`student` (`id`, `sclass_id`) VALUES ('17', '3');
INSERT INTO `quizbomb`.`student` (`id`, `sclass_id`) VALUES ('18', '3');
INSERT INTO `quizbomb`.`student` (`id`, `sclass_id`) VALUES ('19', '3');
INSERT INTO `quizbomb`.`student` (`id`, `sclass_id`) VALUES ('20', '1');
INSERT INTO `quizbomb`.`student` (`id`, `sclass_id`) VALUES ('21', '2');
INSERT INTO `quizbomb`.`student` (`id`, `sclass_id`) VALUES ('22', '1');
INSERT INTO `quizbomb`.`student` (`id`, `sclass_id`) VALUES ('23', '2');
INSERT INTO `quizbomb`.`student` (`id`, `sclass_id`) VALUES ('24', '2');
INSERT INTO `quizbomb`.`student` (`id`, `sclass_id`) VALUES ('25', '3');
INSERT INTO `quizbomb`.`student` (`id`, `sclass_id`) VALUES ('26', '1');
INSERT INTO `quizbomb`.`student` (`id`, `sclass_id`) VALUES ('27', '2');
INSERT INTO `quizbomb`.`student` (`id`, `sclass_id`) VALUES ('28', '3');
INSERT INTO `quizbomb`.`student` (`id`, `sclass_id`) VALUES ('29', '3');
INSERT INTO `quizbomb`.`student` (`id`, `sclass_id`) VALUES ('30', '1');
INSERT INTO `quizbomb`.`student` (`id`, `sclass_id`) VALUES ('4', '1');
INSERT INTO `quizbomb`.`student` (`id`, `sclass_id`) VALUES ('5', '2');
INSERT INTO `quizbomb`.`student` (`id`, `sclass_id`) VALUES ('7', '3');
INSERT INTO `quizbomb`.`student` (`id`, `sclass_id`) VALUES ('8', '1');
INSERT INTO `quizbomb`.`student` (`id`, `sclass_id`) VALUES ('12', '3');


INSERT INTO `quizbomb`.`course` (`name`) VALUES (N'Μαθηματικά');
INSERT INTO `quizbomb`.`course` (`name`) VALUES (N'Φυσική');
INSERT INTO `quizbomb`.`course` (`name`) VALUES (N'Χημεία');
INSERT INTO `quizbomb`.`course` (`name`) VALUES (N'Ιστορία');
INSERT INTO `quizbomb`.`course` (`name`) VALUES (N'Πληροφορική');
INSERT INTO `quizbomb`.`course` (`name`) VALUES (N'Βιολογία');

INSERT INTO `quizbomb`.`psc` (`professor_id`, `sclass_id`, `course_id`) VALUES ('1', '1', '1');
INSERT INTO `quizbomb`.`psc` (`professor_id`, `sclass_id`, `course_id`) VALUES ('1', '2', '1');
INSERT INTO `quizbomb`.`psc` (`professor_id`, `sclass_id`, `course_id`) VALUES ('1', '3', '1');
INSERT INTO `quizbomb`.`psc` (`professor_id`, `sclass_id`, `course_id`) VALUES ('2', '1', '2');
INSERT INTO `quizbomb`.`psc` (`professor_id`, `sclass_id`, `course_id`) VALUES ('2', '2', '2');
INSERT INTO `quizbomb`.`psc` (`professor_id`, `sclass_id`, `course_id`) VALUES ('2', '3', '2');
INSERT INTO `quizbomb`.`psc` (`professor_id`, `sclass_id`, `course_id`) VALUES ('3', '1', '3');
INSERT INTO `quizbomb`.`psc` (`professor_id`, `sclass_id`, `course_id`) VALUES ('3', '2', '3');
INSERT INTO `quizbomb`.`psc` (`professor_id`, `sclass_id`, `course_id`) VALUES ('3', '3', '3');
INSERT INTO `quizbomb`.`psc` (`professor_id`, `sclass_id`, `course_id`) VALUES ('10', '1', '4');
INSERT INTO `quizbomb`.`psc` (`professor_id`, `sclass_id`, `course_id`) VALUES ('10', '2', '4');
INSERT INTO `quizbomb`.`psc` (`professor_id`, `sclass_id`, `course_id`) VALUES ('10', '3', '4');
INSERT INTO `quizbomb`.`psc` (`professor_id`, `sclass_id`, `course_id`) VALUES ('6', '1', '5');
INSERT INTO `quizbomb`.`psc` (`professor_id`, `sclass_id`, `course_id`) VALUES ('6', '2', '5');
INSERT INTO `quizbomb`.`psc` (`professor_id`, `sclass_id`, `course_id`) VALUES ('6', '3', '5');
INSERT INTO `quizbomb`.`psc` (`professor_id`, `sclass_id`, `course_id`) VALUES ('10', '1', '6');
INSERT INTO `quizbomb`.`psc` (`professor_id`, `sclass_id`, `course_id`) VALUES ('10', '2', '6');
INSERT INTO `quizbomb`.`psc` (`professor_id`, `sclass_id`, `course_id`) VALUES ('10', '3', '6');


